等级,代码,名称,现价,量比,历史胜率,周线RSI,距60日线,今日涨跌
A-高胜率点火,002027,分众传媒,5.29,0.73,66.7%,38.6,-1.4%,2.9%
B-普通超跌,601865,福莱特,11.18,1.74,50.0%,35.1,7.0%,-4.8%
B-普通超跌,002238,天威视讯,6.17,0.93,50.0%,35.5,6.6%,2.5%
B-普通超跌,600744,华银电力,7.73,1.6,50.0%,35.6,5.8%,-1.9%
B-普通超跌,600992,贵绳股份,10.44,0.88,50.0%,36.2,5.5%,2.9%
B-普通超跌,000705,浙江震元,6.92,1.36,50.0%,35.1,5.4%,3.1%
B-普通超跌,002030,达安基因,5.65,1.03,50.0%,37.7,2.4%,0.7%
B-普通超跌,002561,徐家汇,6.78,1.34,50.0%,35.8,2.2%,2.7%
B-普通超跌,601007,金陵饭店,6.72,1.48,50.0%,35.6,1.5%,2.9%
B-普通超跌,600305,恒顺醋业,6.96,1.58,50.0%,36.6,1.5%,2.2%
B-普通超跌,601988,中国银行,5.82,0.81,50.0%,39.6,1.5%,0.9%
B-普通超跌,002566,益盛药业,6.79,0.9,50.0%,35.7,1.4%,3.4%
B-普通超跌,002563,森马服饰,6.18,0.85,50.0%,35.7,-3.3%,2.8%
B-普通超跌,601999,出版传媒,6.12,1.27,50.0%,37.0,-1.3%,3.0%
B-普通超跌,002382,蓝帆医疗,6.07,0.92,50.0%,37.5,-0.1%,1.5%
S-周线底启动,002300,太阳电缆,7.9,1.99,50.0%,34.9,9.8%,10.0%
S-周线底启动,603041,美思德,11.03,0.95,50.0%,33.8,9.2%,3.4%
S-周线底启动,600642,申能股份,8.37,0.86,50.0%,19.6,8.9%,0.4%
S-周线底启动,603231,索宝蛋白,15.66,1.23,50.0%,33.2,8.1%,1.9%
S-周线底启动,603378,亚士创能,5.55,1.43,50.0%,33.7,7.6%,-0.4%
S-周线底启动,603326,我乐家居,6.78,0.74,50.0%,34.2,7.6%,4.0%
S-周线底启动,000096,广聚能源,7.9,0.89,50.0%,34.6,7.5%,1.7%
S-周线底启动,002120,韵达股份,6.8,0.89,50.0%,33.3,7.4%,1.3%
S-周线底启动,603111,康尼机电,5.87,1.13,50.0%,32.7,6.5%,1.7%
S-周线底启动,000791,甘肃能源,7.94,1.17,50.0%,34.6,6.5%,1.5%
S-周线底启动,002758,浙农股份,7.96,1.62,50.0%,32.8,5.8%,2.3%
S-周线底启动,002852,道道全,7.88,1.65,50.0%,34.5,5.6%,3.7%
S-周线底启动,002090,金智科技,9.52,0.77,50.0%,33.1,5.3%,1.6%
S-周线底启动,600461,洪城环境,8.99,0.94,50.0%,35.0,5.2%,1.0%
S-周线底启动,002429,兆驰股份,7.99,0.95,50.0%,29.5,45.9%,-2.0%
S-周线底启动,000501,武商集团,7.28,1.04,50.0%,34.0,4.8%,2.5%
S-周线底启动,600630,龙头股份,6.79,1.08,50.0%,29.8,39.3%,2.4%
S-周线底启动,002282,博深股份,5.95,1.39,50.0%,33.4,38.6%,1.9%
S-周线底启动,002809,红墙股份,8.31,1.09,50.0%,33.7,35.4%,3.9%
S-周线底启动,000881,中广核技,6.67,1.81,50.0%,33.6,32.4%,3.7%
S-周线底启动,603128,华贸物流,5.32,0.84,50.0%,33.6,3.9%,1.3%
S-周线底启动,002100,天康生物,7.28,1.22,50.0%,35.0,3.9%,2.8%
S-周线底启动,600377,宁沪高速,11.97,0.96,50.0%,33.1,3.2%,0.9%
S-周线底启动,603126,中材节能,6.1,0.97,50.0%,33.0,28.9%,2.4%
S-周线底启动,002873,新天药业,8.26,1.19,50.0%,33.6,27.3%,2.5%
S-周线底启动,002286,保龄宝,8.19,1.04,50.0%,32.8,27.2%,2.4%
S-周线底启动,002392,北京利尔,7.58,0.89,50.0%,31.9,27.1%,1.1%
S-周线底启动,000410,沈阳机床,5.06,1.63,50.0%,33.4,25.4%,3.7%
S-周线底启动,600623,华谊集团,8.5,1.01,50.0%,33.3,25.4%,2.3%
S-周线底启动,000610,西安旅游,5.89,1.02,50.0%,33.0,25.3%,2.6%
S-周线底启动,603135,中重科技,9.59,0.9,50.0%,14.7,25.2%,1.2%
S-周线底启动,600173,卧龙新能,6.3,1.07,50.0%,33.5,23.8%,1.3%
S-周线底启动,002735,王子新材,12.01,0.54,50.0%,18.3,23.8%,0.4%
S-周线底启动,002369,卓翼科技,5.89,1.0,50.0%,33.9,22.8%,-0.8%
S-周线底启动,003037,三和管桩,5.84,1.17,50.0%,33.5,22.5%,2.5%
S-周线底启动,603390,通达电气,10.18,1.07,50.0%,32.0,21.6%,1.8%
S-周线底启动,600727,鲁北化工,7.67,1.0,50.0%,34.2,21.3%,1.9%
S-周线底启动,000020,深华发Ａ,11.15,0.74,50.0%,33.3,20.7%,2.1%
S-周线底启动,600032,浙江新能,7.65,1.92,50.0%,34.3,20.1%,4.2%
S-周线底启动,603801,志邦家居,6.0,1.11,50.0%,34.0,20.0%,4.0%
S-周线底启动,600883,博闻科技,7.69,0.77,50.0%,33.7,19.7%,3.1%
S-周线底启动,002700,万憬能源,6.06,1.66,50.0%,31.0,19.2%,1.7%
S-周线底启动,002442,龙星科技,5.13,2.04,50.0%,33.0,18.0%,4.1%
S-周线底启动,002646,天佑德酒,7.21,2.53,50.0%,34.0,17.8%,6.0%
S-周线底启动,002786,银宝山新,7.84,1.03,50.0%,32.8,16.2%,2.1%
S-周线底启动,002905,金逸影视,7.85,1.49,50.0%,34.1,15.4%,4.0%
S-周线底启动,002883,中设股份,8.81,0.73,50.0%,33.2,15.4%,0.2%
S-周线底启动,000531,穗恒运Ａ,5.92,0.73,50.0%,33.1,14.9%,1.2%
S-周线底启动,603616,韩建河山,5.53,1.22,50.0%,32.0,14.6%,4.3%
S-周线底启动,002719,麦趣尔,6.06,1.0,50.0%,32.3,13.6%,3.4%
S-周线底启动,600847,万里股份,12.54,0.92,50.0%,29.7,13.2%,2.9%
S-周线底启动,000726,鲁  泰Ａ,6.0,1.44,50.0%,33.9,12.7%,1.7%
S-周线底启动,002908,德生科技,7.29,0.88,50.0%,34.3,12.2%,1.8%
S-周线底启动,002930,宏川智慧,9.02,0.8,50.0%,27.5,12.0%,1.4%
S-周线底启动,600774,汉商集团,7.2,1.35,50.0%,34.0,11.2%,3.9%
S-周线底启动,000553,安道麦A,5.48,0.9,50.0%,30.2,11.1%,0.9%
S-周线底启动,600810,神马股份,6.54,1.54,50.0%,33.4,100.9%,2.5%
S-周线底启动,002926,华西证券,8.34,0.8,50.0%,33.3,10.5%,1.0%
S-周线底启动,002884,凌霄泵业,16.3,1.39,50.0%,34.7,1.7%,1.2%
S-周线底启动,000421,南京公用,5.47,1.35,50.0%,34.8,1.6%,2.6%
S-周线底启动,601985,中国核电,8.85,0.61,50.0%,33.0,1.4%,0.6%
S-周线底启动,600178,东安动力,10.15,3.01,50.0%,33.7,-2.7%,7.0%
S-周线底启动,002923,润都股份,11.49,1.38,50.0%,34.6,-1.1%,3.1%
S-周线底启动,603980,吉华集团,6.93,0.96,50.0%,34.6,-0.1%,1.8%
SSS-战略共振,600007,中国国贸,18.49,0.97,100.0%,28.5,7.4%,1.0%
