代码,名称,现价,涨停日,回调天数,信号强度,操作建议,买入逻辑
002052,同洲电子,7.93,2026-07-01,4,强,每只6000元,回踩实体中轴，量能腰斩(0.37)
603012,创力集团,8.26,2026-07-03,2,强,每只6000元,回踩实体中轴，量能腰斩(0.53)
000829,天音控股,7.37,2026-06-30,5,强,每只6000元,回踩实体中轴，量能腰斩(0.58)
002442,龙星科技,5.08,2026-07-01,4,强,每只6000元,回踩实体中轴，量能腰斩(0.50)
603730,岱美股份,11.77,2026-07-03,2,强,每只6000元,回踩实体中轴，量能腰斩(0.42)
002696,百洋股份,5.25,2026-07-02,3,强,每只6000元,回踩实体中轴，量能腰斩(0.49)
600490,鹏欣资源,6.11,2026-07-02,3,强,每只6000元,回踩实体中轴，量能腰斩(0.54)
600724,宁波富达,5.22,2026-07-01,4,强,每只6000元,回踩实体中轴，量能腰斩(0.55)
603212,赛伍技术,11.59,2026-06-30,5,中,轻仓观察,回踩实体中轴，量能腰斩(0.52)
