日期,代码,名称,最高涨幅%,收盘涨幅%,换手率,量比,买入信号强度,操作建议
2026-07-15,000042,中洲控股,7.45,1.26,2.57,2.37,60,分批建仓：小幅回落，形态尚可
2026-07-15,603668,天马科技,7.61,1.99,2.13,1.18,40,暂时放弃：抛压过重或资金撤退
2026-07-15,002082,万邦德,7.95,1.73,2.87,1.25,40,暂时放弃：抛压过重或资金撤退
2026-07-15,603578,三星新材,7.4,1.42,3.53,1.11,40,暂时放弃：抛压过重或资金撤退
2026-07-15,603439,贵州三力,7.07,1.66,3.35,1.28,40,暂时放弃：抛压过重或资金撤退
2026-07-15,002161,远 望 谷,7.6,1.0,3.38,1.42,20,暂时放弃：抛压过重或资金撤退
2026-07-15,002350,北京科锐,8.98,-6.95,6.64,1.52,0,暂时放弃：抛压过重或资金撤退
2026-07-15,002448,中原内配,7.11,-0.89,3.9,1.29,0,暂时放弃：抛压过重或资金撤退
2026-07-15,000672,上峰水泥,9.99,-1.26,4.54,1.13,0,暂时放弃：抛压过重或资金撤退
